loss_total,loss_pose,loss_bone,loss_joint,loss_space,loss_velocity,loss_acc,epoch
0.442682,0.383907,0.005128,0.180470,0.000000,0.037280,759.558338,1
0.353177,0.329751,0.000986,0.033512,0.000000,0.009092,390.725174,2
0.327387,0.313824,0.000282,0.009230,0.000000,0.004336,249.543424,3
0.318070,0.308210,0.000125,0.005008,0.000000,0.002750,185.672768,4
0.299334,0.290609,0.000122,0.004310,0.000000,0.002627,164.405809,5
0.276842,0.267823,0.000148,0.003636,0.000000,0.002934,171.327344,6
0.239936,0.229242,0.000158,0.003564,0.000000,0.003085,204.857416,7
0.207034,0.197244,0.000163,0.004936,0.000000,0.003488,183.938094,8
0.192449,0.185695,0.000127,0.003374,0.000000,0.001034,126.968265,9
0.181083,0.175588,0.000095,0.002546,0.000000,0.000631,103.777332,10
