condition,type,baseline_mpjpe,binn_mpjpe,delta_mpjpe,baseline_pa,binn_pa,baseline_bone_viol,binn_bone_viol
clean,dropout,61.10,77.66,+16.56,26.70,19.13,58.05%,57.39%
dropout_10pct,dropout,256.33,281.79,+25.46,32.00,22.89,60.82%,60.72%
dropout_20pct,dropout,470.47,510.26,+39.79,37.95,27.13,63.85%,64.17%
dropout_30pct,dropout,674.61,730.03,+55.42,43.76,31.25,66.62%,67.52%
dropout_50pct,dropout,1070.00,1164.66,+94.66,55.67,39.76,71.74%,74.15%
gap_1f,gap,185.82,206.72,+20.90,29.98,21.44,59.74%,59.44%
gap_2f,gap,310.61,344.95,+34.34,33.85,24.21,61.45%,61.68%
gap_4f,gap,560.71,623.37,+62.65,41.67,29.83,64.46%,65.85%
gap_8f,gap,1061.22,1182.26,+121.05,57.39,41.20,70.28%,74.26%
