model,seed,clean_mpjpe,gap_16,gap_32,gap_48,bone_violations
mlp,42,86.68152201771736,130.7915388496035,178.01262844992635,226.48389430509005,45.863095238095234
mlp,123,87.15157373845577,131.26159057034192,178.48268017066476,226.95394602582846,47.73809523809524
mlp,2026,87.16035135537386,131.27036818726,178.49145778758285,226.96272364274654,46.55133928571429
tcn,42,113.21547548025846,157.3254923121446,204.54658191246745,253.01784776763117,67.48139880952381
tcn,123,122.24083035439253,166.35084718627868,213.5719367866015,262.0432026417652,64.49404761904762
tcn,2026,119.04001850932836,163.1500353412145,210.37112494153735,258.84239079670107,64.33035714285714
gru,42,89.66422364711761,133.77424047900377,180.9953300793266,229.4665959344903,45.208333333333336
gru,123,89.44677586257458,133.55679269446074,180.77788229478355,229.24914814994727,42.83482142857143
gru,2026,89.70283184349537,133.81284867538153,181.03393827570434,229.50520413086807,45.200892857142854
mamba,42,87.46196929216384,131.57198612405,178.79307572437284,227.26434157953653,44.53869047619048
mamba,123,88.21749538481235,132.3275122166985,179.54860181702134,228.01986767218506,41.07886904761905
mamba,2026,87.86936164647341,131.97937847835956,179.20046807868238,227.6717339338461,43.604910714285715
