action,mpjpe,pa_mpjpe,root_mae,velocity_mae,acc_mae,bone_viol_pct,joint_viol_pct
Normal walking,43.03638249637882,38.636781021980205,24.165691941759533,1.4218193312044953,68.69924148053373,0.0,38.45238095238095
Standing,39.303132279760895,35.12590346660845,23.842552998029685,1.3453509939720338,64.67597390181894,0.0,31.29464285714285
Turning,39.54143277103098,35.2938917892529,24.44082699689629,1.3708679090270095,66.47494043215406,0.0,31.38392857142857
Sitting,67.00637815301158,59.74673105379383,24.218157264647253,1.526401951059783,73.43139797558916,0.0,43.1845238095238
Rising,49.723777588047625,44.90816660619973,24.204898527656532,1.4557117550267573,69.93515950907111,0.0,36.279761904761905
Running,74.30469445234847,70.77072025988576,25.143528485758388,1.7704826629607098,79.35445711125686,0.0,47.67857142857142
Jumping,68.318857739922,62.25892687926885,24.677933959781168,1.7657312066839908,85.95727026109958,0.0,32.58928571428571
Fast directional changes,41.21846539640141,36.270778146517905,26.26465201447695,1.4665686784714451,71.66297934226826,0.0,31.488095238095244
Other high-dynamic motions,54.02278682716346,49.33793336178728,26.766087355454943,2.1003193790494,105.19838806124379,0.0,36.636904761904766
