gap_frames,mpjpe,pa_mpjpe,root_mae,velocity_mae,acc_mae,bone_viol_pct,joint_viol_pct,uncertainty,regime
0,41.451910987244766,37.06390288995086,23.871267950226848,1.400506112141844,67.96926066730103,0.0,37.47619047619048,14.421788346835122,GREEN
1,41.844303377726966,37.37364346295203,24.03085990635673,1.4064381030308786,68.42819153436386,0.0,37.2797619047619,14.462727339759939,GREEN
2,42.5981366622087,37.77777910371163,24.175140669395578,1.418063686332079,68.48272688843814,0.0,37.07738095238094,14.694174557691698,GREEN
4,45.79465014807309,39.462227830175934,24.74406897672765,1.455978413224146,69.27087385747627,0.0,36.85714285714285,15.688509355427975,GREEN
8,58.08053215802394,45.812460912680855,27.368071794378203,1.502583047855661,69.2943565597332,0.0,37.06547619047619,20.65309270500425,GREEN
12,76.41934510270613,54.86098466313774,32.5405509342255,1.5287634877834921,68.96552033541502,0.0,37.36309523809524,31.740625487405115,YELLOW
16,100.2328847696035,66.20757949195084,41.43556471974937,1.5428696458388729,68.04013735654833,0.0,37.6904761904762,52.04695450937071,YELLOW
24,162.04336923708195,92.26202226884678,71.3940239682525,1.5575861972616116,65.77102696070614,0.0,37.982142857142854,131.46435581656192,YELLOW
32,243.91762748149893,121.87136868581138,117.31625251156993,1.5654452130048317,63.249510028588695,0.0,38.904761904761905,276.47961412727756,RED
48,471.5424258105459,187.15646525283725,265.0019775909344,1.624766031229663,59.68075853248258,0.0,40.49404761904761,775.6727798076613,RED
64,789.7211872585941,256.5511014900514,500.80163822469234,1.705937095172496,57.01964630842118,0.0,40.470238095238095,1547.909637568006,RED
