Step,Weight_Norm,Abs_Error_m
1,0.00015,0.04315
2,0.00033,0.04957
3,0.00046,0.04643
4,0.00059,0.05029
5,0.00071,0.04454
6,0.00084,0.03816
7,0.00098,0.03856
8,0.00112,0.04321
9,0.00123,0.03860
10,0.00132,0.03300
11,0.00142,0.02933
12,0.00148,0.02931
13,0.00154,0.02913
14,0.00164,0.02709
15,0.00169,0.02430
16,0.00178,0.04634
17,0.00178,0.01367
18,0.00179,0.01823
19,0.00180,0.02712
20,0.00181,0.02547
21,0.00184,0.02771
22,0.00187,0.02428
23,0.00191,0.03540
24,0.00195,0.02757
25,0.00199,0.02839
26,0.00203,0.03026
27,0.00209,0.02434
28,0.00214,0.02799
29,0.00219,0.03182
30,0.00223,0.02486
31,0.00230,0.02708
32,0.00236,0.03676
33,0.00237,0.02491
34,0.00237,0.00880
35,0.00238,0.01836
36,0.00240,0.02335
37,0.00239,0.01531
38,0.00240,0.02895
39,0.00241,0.02211
40,0.00241,0.02254
41,0.00240,0.01936
42,0.00240,0.02205
43,0.00241,0.02321
44,0.00240,0.01678
45,0.00239,0.02317
46,0.00239,0.01876
47,0.00239,0.02393
48,0.00244,0.04679
49,0.00243,0.03824
50,0.00243,0.01698
51,0.00243,0.02360
52,0.00243,0.01725
53,0.00243,0.00985
54,0.00243,0.01770
55,0.00243,0.01217
56,0.00242,0.01821
57,0.00242,0.00877
58,0.00243,0.00968
59,0.00242,0.01162
60,0.00242,0.00270
61,0.00241,0.01805
62,0.00241,0.01453
63,0.00241,0.00825
64,0.00240,0.02050
65,0.00245,0.05976
66,0.00248,0.05666
67,0.00254,0.05193
68,0.00259,0.04825
69,0.00263,0.03447
70,0.00268,0.04157
71,0.00271,0.03359
72,0.00276,0.04183
73,0.00279,0.03300
74,0.00281,0.02568
75,0.00285,0.02337
76,0.00288,0.02123
77,0.00291,0.02434
78,0.00292,0.01359
79,0.00295,0.01475
80,0.00297,0.02454
81,0.00303,0.10244
82,0.00310,0.08528
83,0.00320,0.07381
84,0.00328,0.07370
85,0.00341,0.07907
86,0.00352,0.07298
87,0.00367,0.07309
88,0.00383,0.08083
89,0.00400,0.07630
90,0.00419,0.08331
91,0.00437,0.08278
92,0.00458,0.08385
93,0.00473,0.08875
94,0.00488,0.07937
95,0.00506,0.08376
96,0.00530,0.09360
97,0.00535,0.05713
98,0.00538,0.04968
99,0.00543,0.05160
100,0.00548,0.04476
101,0.00551,0.03700
102,0.00555,0.03360
103,0.00560,0.04309
104,0.00563,0.03224
105,0.00567,0.03629
106,0.00569,0.04105
107,0.00573,0.04556
108,0.00576,0.03540
109,0.00582,0.05186
110,0.00586,0.02986
111,0.00591,0.04506
112,0.00594,0.03171
113,0.00598,0.04280
114,0.00594,0.02879
115,0.00591,0.02225
116,0.00587,0.03139
117,0.00585,0.02169
118,0.00581,0.02968
119,0.00580,0.00763
120,0.00577,0.01944
121,0.00574,0.01683
122,0.00571,0.01807
123,0.00568,0.01611
124,0.00566,0.01035
125,0.00563,0.01164
126,0.00562,0.01022
127,0.00559,0.01162
128,0.00561,0.01834
129,0.00567,0.07754
130,0.00572,0.07427
131,0.00580,0.07605
132,0.00584,0.06967
133,0.00591,0.06243
134,0.00597,0.06163
135,0.00604,0.05974
136,0.00613,0.06341
137,0.00620,0.05925
138,0.00627,0.04906
139,0.00635,0.05259
140,0.00643,0.04966
141,0.00653,0.05457
142,0.00664,0.05658
143,0.00674,0.05752
144,0.00688,0.08496
145,0.00686,0.01575
146,0.00684,0.01575
147,0.00683,0.01203
148,0.00682,0.02447
149,0.00682,0.03396
150,0.00682,0.01577
151,0.00681,0.02545
152,0.00681,0.03183
153,0.00680,0.03058
154,0.00680,0.02236
155,0.00681,0.04336
156,0.00682,0.03085
157,0.00682,0.03838
158,0.00683,0.02766
159,0.00684,0.03147
160,0.00684,0.03355
161,0.00691,0.07320
162,0.00699,0.06756
163,0.00706,0.05767
164,0.00709,0.05874
165,0.00714,0.04421
166,0.00721,0.05512
167,0.00728,0.05563
168,0.00734,0.04966
169,0.00741,0.04736
170,0.00748,0.05263
171,0.00753,0.03971
172,0.00757,0.05150
173,0.00762,0.03718
174,0.00766,0.04068
175,0.00772,0.04294
176,0.00776,0.04353
177,0.00779,0.05077
178,0.00783,0.05038
179,0.00786,0.04322
180,0.00790,0.03526
181,0.00792,0.04368
182,0.00796,0.04356
183,0.00799,0.03971
184,0.00803,0.03847
185,0.00806,0.03620
186,0.00810,0.03173
187,0.00812,0.04196
188,0.00813,0.01911
189,0.00814,0.02751
190,0.00816,0.02394
191,0.00818,0.02536
192,0.00822,0.03671
193,0.00826,0.05882
194,0.00830,0.05987
195,0.00832,0.05508
196,0.00834,0.05378
197,0.00835,0.04885
198,0.00838,0.04342
199,0.00841,0.04317
200,0.00843,0.04481
201,0.00846,0.03654
202,0.00848,0.05148
203,0.00850,0.02896
204,0.00852,0.03612
205,0.00854,0.03958
206,0.00857,0.03267
207,0.00859,0.02694
208,0.00862,0.03128
209,0.00862,0.02743
210,0.00861,0.02179
211,0.00861,0.01532
212,0.00861,0.02929
213,0.00861,0.02659
214,0.00860,0.02955
215,0.00860,0.03097
216,0.00859,0.03187
217,0.00859,0.03133
218,0.00859,0.04286
219,0.00859,0.03114
220,0.00859,0.02682
221,0.00859,0.03434
222,0.00860,0.03363
223,0.00860,0.01646
224,0.00861,0.03074
225,0.00861,0.02099
226,0.00863,0.02480
227,0.00863,0.02060
228,0.00864,0.02257
229,0.00864,0.01369
230,0.00865,0.01115
231,0.00866,0.01475
232,0.00865,0.03076
233,0.00866,0.01845
234,0.00867,0.02142
235,0.00867,0.02120
236,0.00871,0.03738
237,0.00873,0.02622
238,0.00875,0.02401
239,0.00877,0.02734
240,0.00880,0.03361
241,0.00892,0.10018
242,0.00901,0.08533
243,0.00911,0.07936
244,0.00925,0.07866
245,0.00938,0.08593
246,0.00951,0.08993
247,0.00964,0.08501
248,0.00976,0.08868
249,0.00990,0.08838
250,0.01005,0.09597
251,0.01021,0.09660
252,0.01039,0.10541
253,0.01057,0.10078
254,0.01068,0.10100
255,0.01085,0.10799
256,0.01112,0.13714
257,0.01115,0.05018
258,0.01118,0.04725
259,0.01122,0.04696
260,0.01125,0.05099
261,0.01128,0.04050
262,0.01129,0.03833
263,0.01132,0.03522
264,0.01134,0.03768
265,0.01136,0.04437
266,0.01138,0.04183
267,0.01140,0.03910
268,0.01142,0.03895
269,0.01144,0.03271
270,0.01146,0.03224
271,0.01148,0.03599
272,0.01150,0.03631
273,0.01151,0.05109
274,0.01151,0.05474
275,0.01152,0.04885
276,0.01152,0.04799
277,0.01151,0.04650
278,0.01151,0.05393
279,0.01150,0.03961
280,0.01150,0.03604
281,0.01149,0.04232
282,0.01149,0.03024
283,0.01148,0.03725
284,0.01147,0.03805
285,0.01146,0.03885
286,0.01146,0.03314
287,0.01145,0.03394
288,0.01145,0.02274
289,0.01147,0.03327
290,0.01149,0.03179
291,0.01152,0.03988
292,0.01154,0.02190
293,0.01156,0.02761
294,0.01156,0.02228
295,0.01158,0.02154
296,0.01159,0.02317
297,0.01161,0.02795
298,0.01163,0.02790
299,0.01163,0.01769
300,0.01164,0.01822
301,0.01164,0.01617
302,0.01166,0.02604
303,0.01167,0.01542
304,0.01167,0.01999
305,0.01165,0.02362
306,0.01164,0.01270
307,0.01163,0.00829
308,0.01163,0.00649
309,0.01162,0.00530
310,0.01161,0.01299
311,0.01160,0.01804
312,0.01161,0.01322
313,0.01162,0.01640
314,0.01161,0.01273
315,0.01164,0.02701
316,0.01164,0.02634
317,0.01165,0.01001
318,0.01167,0.03157
319,0.01169,0.02255
320,0.01170,0.02601
321,0.01171,0.01543
322,0.01171,0.01913
323,0.01171,0.02960
324,0.01171,0.02248
325,0.01170,0.01627
326,0.01170,0.02888
327,0.01170,0.01942
328,0.01170,0.01632
329,0.01170,0.01980
330,0.01170,0.02363
331,0.01169,0.03529
332,0.01168,0.02704
333,0.01168,0.02274
334,0.01168,0.02555
335,0.01168,0.03356
336,0.01168,0.02272
337,0.01167,0.04878
338,0.01169,0.04271
339,0.01169,0.05551
340,0.01171,0.05650
341,0.01174,0.04703
342,0.01177,0.05404
343,0.01180,0.05580
344,0.01183,0.05179
345,0.01187,0.05242
346,0.01193,0.04169
347,0.01198,0.05051
348,0.01204,0.05541
349,0.01209,0.05291
350,0.01215,0.05429
351,0.01223,0.06154
352,0.01232,0.06427
353,0.01233,0.01301
354,0.01234,0.01240
355,0.01235,0.01299
356,0.01236,0.01316
357,0.01236,0.01481
358,0.01237,0.01112
359,0.01238,0.00667
360,0.01240,0.01606
361,0.01240,0.00372
362,0.01240,0.01553
363,0.01240,0.01161
364,0.01240,0.00536
365,0.01241,0.01090
366,0.01240,0.00716
367,0.01240,0.01433
368,0.01241,0.01502
369,0.01243,0.04459
370,0.01244,0.04579
371,0.01247,0.04522
372,0.01251,0.04771
373,0.01256,0.04322
374,0.01260,0.05232
375,0.01263,0.04009
376,0.01269,0.04521
377,0.01275,0.03976
378,0.01280,0.03851
379,0.01286,0.04409
380,0.01294,0.06735
381,0.01300,0.05318
382,0.01306,0.05063
383,0.01314,0.04698
384,0.01323,0.05141
385,0.01327,0.05390
386,0.01330,0.05090
387,0.01333,0.04154
388,0.01336,0.04805
389,0.01339,0.04517
390,0.01342,0.04338
391,0.01344,0.04270
392,0.01345,0.03628
393,0.01346,0.04017
394,0.01348,0.03422
395,0.01350,0.03038
396,0.01352,0.04003
397,0.01353,0.04927
398,0.01355,0.04599
399,0.01358,0.04412
400,0.01363,0.05353
401,0.01366,0.03896
402,0.01368,0.02796
403,0.01370,0.03307
404,0.01372,0.03228
405,0.01374,0.03960
406,0.01376,0.02462
407,0.01377,0.02741
408,0.01378,0.03402
409,0.01380,0.03241
410,0.01381,0.02018
411,0.01382,0.02038
412,0.01384,0.01825
413,0.01386,0.01576
414,0.01387,0.01555
415,0.01388,0.02156
416,0.01391,0.03206
417,0.01394,0.04206
418,0.01397,0.03909
419,0.01399,0.03088
420,0.01403,0.04466
421,0.01406,0.04367
422,0.01411,0.05322
423,0.01415,0.05056
424,0.01419,0.05838
425,0.01425,0.06413
426,0.01431,0.06812
427,0.01438,0.07180
428,0.01445,0.07500
429,0.01452,0.06810
430,0.01459,0.06901
431,0.01466,0.07191
432,0.01475,0.08531
433,0.01480,0.04028
434,0.01483,0.03216
435,0.01486,0.03414
436,0.01491,0.04120
437,0.01495,0.03441
438,0.01499,0.03972
439,0.01502,0.02850
440,0.01505,0.02496
441,0.01508,0.02865
442,0.01511,0.02691
443,0.01513,0.02308
444,0.01516,0.02896
445,0.01519,0.02579
446,0.01521,0.02324
447,0.01523,0.02148
448,0.01526,0.03116
449,0.01537,0.12046
450,0.01543,0.07152
451,0.01550,0.08445
452,0.01555,0.08559
453,0.01562,0.08430
454,0.01570,0.08057
455,0.01580,0.09880
456,0.01589,0.09557
457,0.01596,0.09363
458,0.01608,0.09657
459,0.01619,0.09473
460,0.01632,0.10398
461,0.01640,0.09095
462,0.01652,0.09889
463,0.01661,0.10960
464,0.01682,0.14621
465,0.01681,0.09859
466,0.01682,0.04519
467,0.01683,0.03067
468,0.01685,0.03623
469,0.01687,0.03060
470,0.01689,0.03809
471,0.01692,0.03433
472,0.01694,0.04161
473,0.01697,0.04418
474,0.01701,0.04883
475,0.01705,0.04966
476,0.01708,0.04429
477,0.01712,0.05789
478,0.01716,0.04629
479,0.01720,0.05372
480,0.01728,0.08265
481,0.01731,0.06163
482,0.01733,0.04285
483,0.01734,0.04402
484,0.01735,0.04945
485,0.01737,0.04207
486,0.01738,0.02666
487,0.01740,0.03176
488,0.01743,0.03602
489,0.01745,0.03098
490,0.01746,0.01841
491,0.01748,0.04339
492,0.01749,0.03324
493,0.01752,0.03913
494,0.01753,0.03064
495,0.01755,0.03367
496,0.01757,0.02991
497,0.01758,0.02754
498,0.01760,0.02675
499,0.01761,0.02605
500,0.01763,0.02872
501,0.01766,0.03257
502,0.01767,0.02743
503,0.01770,0.02845
504,0.01774,0.03509
505,0.01778,0.04623
506,0.01782,0.04017
507,0.01786,0.03891
508,0.01790,0.03134
509,0.01794,0.03743
510,0.01799,0.03756
511,0.01804,0.03780
512,0.01810,0.04441
513,0.01807,0.02505
514,0.01804,0.04336
515,0.01801,0.03147
516,0.01798,0.02714
517,0.01795,0.03794
518,0.01793,0.03227
519,0.01791,0.03308
520,0.01789,0.03257
521,0.01787,0.02794
522,0.01786,0.02572
523,0.01785,0.03160
524,0.01784,0.03318
525,0.01782,0.03387
526,0.01781,0.03700
527,0.01781,0.02707
528,0.01781,0.03896
529,0.01787,0.06352
530,0.01791,0.05378
531,0.01794,0.03984
532,0.01799,0.06212
533,0.01801,0.04216
534,0.01805,0.04738
535,0.01809,0.04350
536,0.01811,0.03041
537,0.01814,0.03954
538,0.01816,0.02482
539,0.01818,0.02025
540,0.01821,0.02869
541,0.01824,0.02500
542,0.01826,0.03953
543,0.01830,0.03842
544,0.01832,0.01698
545,0.01831,0.02025
546,0.01829,0.02912
547,0.01827,0.04207
548,0.01826,0.02760
549,0.01825,0.04152
550,0.01823,0.04217
551,0.01823,0.03587
552,0.01822,0.04319
553,0.01821,0.03721
554,0.01821,0.04557
555,0.01821,0.04043
556,0.01822,0.02953
557,0.01823,0.03923
558,0.01824,0.04516
559,0.01825,0.04401
560,0.01826,0.05178
561,0.01827,0.01669
562,0.01831,0.03344
563,0.01832,0.02904
564,0.01835,0.02404
565,0.01839,0.03406
566,0.01842,0.03909
567,0.01845,0.02480
568,0.01848,0.03330
569,0.01853,0.03239
570,0.01858,0.03358
571,0.01863,0.03372
572,0.01869,0.03582
573,0.01875,0.03915
574,0.01879,0.03325
575,0.01884,0.04131
576,0.01892,0.05123
577,0.01895,0.04363
578,0.01899,0.04762
579,0.01901,0.03025
580,0.01905,0.03926
581,0.01907,0.04029
582,0.01910,0.02677
583,0.01913,0.03281
584,0.01915,0.03743
585,0.01917,0.03033
586,0.01919,0.02566
587,0.01921,0.02684
588,0.01923,0.02372
589,0.01924,0.02035
590,0.01926,0.03060
591,0.01927,0.02476
592,0.01928,0.02056
593,0.01929,0.02302
594,0.01930,0.03290
595,0.01929,0.03717
596,0.01929,0.02665
597,0.01929,0.03624
598,0.01931,0.03780
599,0.01934,0.03281
600,0.01937,0.03551
601,0.01940,0.03167
602,0.01943,0.03330
603,0.01947,0.02794
604,0.01951,0.03021
605,0.01956,0.03749
606,0.01959,0.03475
607,0.01962,0.03247
608,0.01964,0.05500
609,0.01962,0.03319
610,0.01960,0.03505
611,0.01958,0.03099
612,0.01956,0.02341
613,0.01954,0.03685
614,0.01952,0.02419
615,0.01950,0.03334
616,0.01949,0.02823
617,0.01949,0.02878
618,0.01947,0.03757
619,0.01946,0.02870
620,0.01945,0.03885
621,0.01944,0.03630
622,0.01944,0.03356
623,0.01944,0.03043
624,0.01944,0.03589
625,0.01947,0.03782
626,0.01947,0.03573
627,0.01949,0.03273
628,0.01947,0.03725
629,0.01947,0.03046
630,0.01946,0.02910
631,0.01946,0.02888
632,0.01945,0.03138
633,0.01945,0.03009
634,0.01945,0.02090
635,0.01946,0.02326
636,0.01946,0.03231
637,0.01946,0.02057
638,0.01948,0.02873
639,0.01948,0.02323
640,0.01949,0.00545
641,0.01952,0.07618
642,0.01956,0.05627
643,0.01960,0.05564
644,0.01963,0.05686
645,0.01966,0.05133
646,0.01970,0.04691
647,0.01973,0.04656
648,0.01975,0.04533
649,0.01977,0.04986
650,0.01980,0.04651
651,0.01982,0.04596
652,0.01983,0.04469
653,0.01985,0.04453
654,0.01987,0.04795
655,0.01989,0.04980
656,0.01991,0.05555
657,0.01994,0.04760
658,0.01996,0.03999
659,0.01997,0.04300
660,0.01998,0.03978
661,0.01998,0.03204
662,0.01998,0.03091
663,0.01998,0.03495
664,0.01999,0.02313
665,0.02000,0.02621
666,0.02000,0.02206
667,0.01999,0.02592
668,0.01999,0.02563
669,0.01998,0.02004
670,0.01998,0.01180
671,0.01998,0.01424
672,0.01999,0.00667
673,0.02000,0.01854
674,0.02002,0.02360
675,0.02003,0.02414
676,0.02006,0.02547
677,0.02007,0.03309
678,0.02009,0.02555
679,0.02012,0.03696
680,0.02015,0.02858
681,0.02018,0.02787
682,0.02020,0.03169
683,0.02023,0.04239
684,0.02027,0.02485
685,0.02030,0.04260
686,0.02034,0.02912
687,0.02036,0.03412
688,0.02039,0.04109
689,0.02038,0.03222
690,0.02038,0.00438
691,0.02038,0.00766
692,0.02038,0.00633
693,0.02038,0.01507
694,0.02038,0.00822
695,0.02038,0.00811
696,0.02038,0.00677
697,0.02038,0.02641
698,0.02038,0.02497
699,0.02039,0.01993
700,0.02039,0.02108
701,0.02039,0.02707
702,0.02040,0.02497
703,0.02040,0.01621
704,0.02041,0.02574
705,0.02044,0.05890
706,0.02045,0.03215
707,0.02048,0.04377
708,0.02050,0.03620
709,0.02052,0.04179
710,0.02054,0.03010
711,0.02056,0.03393
712,0.02059,0.04517
713,0.02062,0.02920
714,0.02065,0.03423
715,0.02067,0.03457
716,0.02069,0.02742
717,0.02071,0.03093
718,0.02074,0.03000
719,0.02076,0.02801
720,0.02082,0.07333
721,0.02083,0.02633
722,0.02084,0.01320
723,0.02085,0.01242
724,0.02086,0.01995
725,0.02087,0.01855
726,0.02087,0.02487
727,0.02087,0.03229
728,0.02089,0.02778
729,0.02090,0.02967
730,0.02092,0.02547
731,0.02095,0.03004
732,0.02097,0.03708
733,0.02099,0.03230
734,0.02101,0.03651
735,0.02103,0.03405
736,0.02104,0.07345
737,0.02105,0.06010
738,0.02106,0.03206
739,0.02107,0.02376
740,0.02109,0.02680
741,0.02110,0.03333
742,0.02112,0.02015
743,0.02114,0.02422
744,0.02117,0.03797
745,0.02120,0.03186
746,0.02123,0.02278
747,0.02126,0.02828
748,0.02130,0.03410
749,0.02135,0.03745
750,0.02139,0.04963
751,0.02144,0.03613
752,0.02151,0.06762
753,0.02150,0.03639
754,0.02151,0.01763
755,0.02152,0.01494
756,0.02153,0.01382
757,0.02153,0.01310
758,0.02153,0.00685
759,0.02154,0.00966
760,0.02155,0.01396
761,0.02155,0.01129
762,0.02157,0.01132
763,0.02157,0.01143
764,0.02158,0.00821
765,0.02158,0.00710
766,0.02158,0.01382
767,0.02159,0.01873
768,0.02161,0.04139
769,0.02166,0.06386
770,0.02171,0.04891
771,0.02174,0.04004
772,0.02178,0.04456
773,0.02182,0.04861
774,0.02185,0.04028
775,0.02188,0.03699
776,0.02191,0.03896
777,0.02193,0.02748
778,0.02195,0.02745
779,0.02198,0.03295
780,0.02201,0.03157
781,0.02203,0.03281
782,0.02206,0.02753
783,0.02208,0.02933
784,0.02211,0.03197
785,0.02215,0.04790
786,0.02219,0.04292
787,0.02222,0.04059
788,0.02225,0.03705
789,0.02229,0.04565
790,0.02232,0.04054
791,0.02235,0.03894
792,0.02238,0.03835
793,0.02240,0.03275
794,0.02243,0.03948
795,0.02247,0.04363
796,0.02249,0.02507
797,0.02253,0.03563
798,0.02255,0.03896
799,0.02257,0.02824
800,0.02260,0.02408
801,0.02257,0.07809
802,0.02258,0.02838
803,0.02258,0.01520
804,0.02259,0.01754
805,0.02260,0.01690
806,0.02262,0.02021
807,0.02263,0.02018
808,0.02265,0.03204
809,0.02266,0.02135
810,0.02267,0.02632
811,0.02269,0.02348
812,0.02271,0.02006
813,0.02273,0.02576
814,0.02276,0.03603
815,0.02278,0.03283
816,0.02278,0.06844
817,0.02282,0.04658
818,0.02283,0.06229
819,0.02287,0.04967
820,0.02290,0.04621
821,0.02294,0.03884
822,0.02296,0.03632
823,0.02297,0.03688
824,0.02299,0.03316
825,0.02301,0.02587
826,0.02303,0.02487
827,0.02303,0.04171
828,0.02304,0.03414
829,0.02305,0.02964
830,0.02306,0.02867
831,0.02306,0.02937
832,0.02309,0.03678
833,0.02312,0.02327
834,0.02318,0.03585
835,0.02324,0.03638
836,0.02325,0.03010
837,0.02330,0.03385
838,0.02335,0.03197
839,0.02339,0.03077
840,0.02343,0.02973
841,0.02347,0.02823
842,0.02349,0.01796
843,0.02350,0.01313
844,0.02352,0.01336
845,0.02354,0.02409
846,0.02355,0.01740
847,0.02357,0.01534
848,0.02358,0.01905
849,0.02365,0.02992
850,0.02371,0.02930
851,0.02377,0.03244
852,0.02381,0.03121
853,0.02384,0.02417
854,0.02388,0.02403
855,0.02392,0.02623
856,0.02394,0.02584
857,0.02398,0.02457
858,0.02400,0.02233
859,0.02403,0.01872
860,0.02406,0.02235
861,0.02408,0.01955
862,0.02410,0.02805
863,0.02412,0.01477
864,0.02414,0.02172
865,0.02416,0.07883
866,0.02416,0.03643
867,0.02418,0.03246
868,0.02419,0.03324
869,0.02421,0.04189
870,0.02423,0.03761
871,0.02424,0.04797
872,0.02426,0.04726
873,0.02429,0.05349
874,0.02432,0.04916
875,0.02435,0.04820
876,0.02438,0.05317
877,0.02441,0.06270
878,0.02444,0.05540
879,0.02448,0.05234
880,0.02451,0.07696
881,0.02455,0.04076
882,0.02457,0.03469
883,0.02460,0.02783
884,0.02463,0.03245
885,0.02465,0.02719
886,0.02467,0.03250
887,0.02469,0.03726
888,0.02472,0.02090
889,0.02473,0.02182
890,0.02475,0.01752
891,0.02476,0.02575
892,0.02477,0.02277
893,0.02477,0.02422
894,0.02478,0.01652
895,0.02479,0.01206
896,0.02481,0.03402
897,0.02481,0.06739
898,0.02484,0.02722
899,0.02487,0.02693
900,0.02489,0.02448
901,0.02492,0.03495
902,0.02495,0.02997
903,0.02497,0.01551
904,0.02498,0.01274
905,0.02499,0.01189
906,0.02500,0.01639
907,0.02502,0.01616
908,0.02503,0.01217
909,0.02503,0.01994
910,0.02503,0.00742
911,0.02504,0.01587
912,0.02504,0.03640
913,0.02503,0.02291
914,0.02503,0.01632
915,0.02503,0.01643
916,0.02502,0.02117
917,0.02502,0.02923
918,0.02502,0.02070
919,0.02503,0.02649
920,0.02503,0.03064
921,0.02504,0.02705
922,0.02504,0.02141
923,0.02505,0.03616
924,0.02506,0.02039
925,0.02507,0.02953
926,0.02508,0.02168
927,0.02510,0.02579
928,0.02512,0.01449
929,0.02510,0.09579
930,0.02515,0.04624
931,0.02518,0.04322
932,0.02521,0.03256
933,0.02524,0.03214
934,0.02527,0.03087
935,0.02529,0.03400
936,0.02531,0.03182
937,0.02533,0.01901
938,0.02536,0.01979
939,0.02537,0.02127
940,0.02540,0.02082
941,0.02543,0.02013
942,0.02545,0.01911
943,0.02547,0.01386
944,0.02546,0.02966
945,0.02546,0.03069
946,0.02546,0.01431
947,0.02546,0.01810
948,0.02547,0.02079
949,0.02548,0.01931
950,0.02549,0.01684
951,0.02549,0.01719
952,0.02550,0.01989
953,0.02550,0.03033
954,0.02551,0.01670
955,0.02553,0.01938
956,0.02554,0.01829
957,0.02555,0.02509
958,0.02556,0.02086
959,0.02558,0.02764
960,0.02560,0.05597
961,0.02560,0.01175
962,0.02560,0.01418
963,0.02560,0.00821
964,0.02561,0.01661
965,0.02560,0.02809
966,0.02561,0.01897
967,0.02561,0.01838
968,0.02562,0.01996
969,0.02563,0.02506
970,0.02564,0.01560
971,0.02565,0.02068
972,0.02566,0.01318
973,0.02567,0.03005
974,0.02569,0.01913
975,0.02570,0.01953
976,0.02572,0.03831
977,0.02571,0.03956
978,0.02571,0.01213
979,0.02571,0.01375
980,0.02572,0.01662
981,0.02572,0.02265
982,0.02572,0.02400
983,0.02573,0.01646
984,0.02575,0.01590
985,0.02575,0.02899
986,0.02575,0.01786
987,0.02576,0.02147
988,0.02578,0.01985
989,0.02579,0.01949
990,0.02580,0.02423
991,0.02580,0.03011
992,0.02582,0.02414
993,0.02582,0.04800
994,0.02582,0.01501
995,0.02582,0.02287
996,0.02583,0.02237
997,0.02585,0.03186
998,0.02586,0.02923
999,0.02587,0.02079
1000,0.02588,0.02863
