dropout_p,method_key,method_name,macro_f1,accuracy,auroc,missing_mse,full_mse,range_mae,velocity_mae,kinematic_residual,avg_steps,med_steps,p95_steps,latency_ms,speedup_vs_50,throughput_seq_s,compute_reduction_pct,oracle_regret
0.1000,A_fixed_50,Fixed 50-Step V2,0.8264,0.8267,0.9720,0.8122,0.1002,0.0327,0.1437,0.0633,50.0000,50.0000,50.0000,188.6429,1.0000,5.3010,0.0000,0.0896
0.1000,B_fixed_10,Fixed 10-Step V2,0.8264,0.8267,0.9720,0.8105,0.0999,0.0327,0.1437,0.0633,10.0000,10.0000,10.0000,39.8624,4.7323,25.0863,80.0000,0.0098
0.1000,C_rule_based,V3.1 Rule Scheduler,0.8264,0.8267,0.9720,0.8105,0.0999,0.0327,0.1437,0.0633,10.0000,10.0000,10.0000,39.8624,4.7323,25.0863,80.0000,0.0098
0.1000,D_supervised,V3.2 Supervised Scheduler,0.8109,0.8133,0.9736,0.8185,0.1009,0.0327,0.1438,0.0639,5.0000,5.0000,5.0000,63.5671,2.9676,15.7314,90.0000,0.0006
0.1000,E_ppo_seed42,V3.3 PPO (Seed 42),0.8109,0.8133,0.9736,0.8185,0.1009,0.0327,0.1438,0.0639,5.0000,5.0000,5.0000,63.5671,2.9676,15.7314,90.0000,0.0006
0.1000,E_ppo_seed123,V3.3 PPO (Seed 123),0.8109,0.8133,0.9736,0.8185,0.1009,0.0327,0.1438,0.0639,5.0000,5.0000,5.0000,63.5671,2.9676,15.7314,90.0000,0.0006
0.1000,E_ppo_seed456,V3.3 PPO (Seed 456),0.8264,0.8267,0.9720,0.8105,0.0999,0.0327,0.1437,0.0633,10.0000,10.0000,10.0000,39.8624,4.7323,25.0863,80.0000,0.0098
0.1000,F_oracle,Oracle Adaptive,0.8247,0.8267,0.9735,0.8186,0.1009,0.0327,0.1438,0.0639,5.2000,5.0000,5.0000,62.6189,3.0126,15.9696,89.6000,0.0000
0.2000,A_fixed_50,Fixed 50-Step V2,0.7959,0.8000,0.9486,1.0808,0.2151,0.0328,0.1448,0.0683,50.0000,50.0000,50.0000,188.6429,1.0000,5.3010,0.0000,0.0891
0.2000,B_fixed_10,Fixed 10-Step V2,0.7951,0.8000,0.9482,1.0786,0.2146,0.0328,0.1448,0.0682,10.0000,10.0000,10.0000,39.8624,4.7323,25.0863,80.0000,0.0093
0.2000,C_rule_based,V3.1 Rule Scheduler,0.7951,0.8000,0.9482,1.0786,0.2146,0.0328,0.1448,0.0682,10.0000,10.0000,10.0000,39.8624,4.7323,25.0863,80.0000,0.0093
0.2000,D_supervised,V3.2 Supervised Scheduler,0.7303,0.7467,0.9501,1.0892,0.2168,0.0328,0.1449,0.0696,5.0000,5.0000,5.0000,63.5671,2.9676,15.7314,90.0000,0.0036
0.2000,E_ppo_seed42,V3.3 PPO (Seed 42),0.7303,0.7467,0.9501,1.0892,0.2168,0.0328,0.1449,0.0696,5.0000,5.0000,5.0000,63.5671,2.9676,15.7314,90.0000,0.0036
0.2000,E_ppo_seed123,V3.3 PPO (Seed 123),0.7303,0.7467,0.9501,1.0892,0.2168,0.0328,0.1449,0.0696,5.0000,5.0000,5.0000,63.5671,2.9676,15.7314,90.0000,0.0036
0.2000,E_ppo_seed456,V3.3 PPO (Seed 456),0.7951,0.8000,0.9482,1.0786,0.2146,0.0328,0.1448,0.0682,10.0000,10.0000,10.0000,39.8624,4.7323,25.0863,80.0000,0.0093
0.2000,F_oracle,Oracle Adaptive,0.7954,0.8000,0.9519,1.0879,0.2165,0.0328,0.1449,0.0694,5.5333,5.0000,10.0000,61.0386,3.0906,16.3831,88.9333,0.0000
0.3000,A_fixed_50,Fixed 50-Step V2,0.7206,0.7200,0.9265,1.0623,0.3281,0.0328,0.1456,0.0743,50.0000,50.0000,50.0000,188.6429,1.0000,5.3010,0.0000,0.0913
0.3000,B_fixed_10,Fixed 10-Step V2,0.7206,0.7200,0.9260,1.0601,0.3274,0.0328,0.1456,0.0742,10.0000,10.0000,10.0000,39.8624,4.7323,25.0863,80.0000,0.0116
0.3000,C_rule_based,V3.1 Rule Scheduler,0.7206,0.7200,0.9260,1.0601,0.3274,0.0328,0.1456,0.0742,10.0000,10.0000,10.0000,39.8624,4.7323,25.0863,80.0000,0.0116
0.3000,D_supervised,V3.2 Supervised Scheduler,0.7350,0.7333,0.9268,1.0713,0.3310,0.0328,0.1457,0.0757,5.0000,5.0000,5.0000,63.5671,2.9676,15.7314,90.0000,0.0019
0.3000,E_ppo_seed42,V3.3 PPO (Seed 42),0.7350,0.7333,0.9268,1.0713,0.3310,0.0328,0.1457,0.0757,5.0000,5.0000,5.0000,63.5671,2.9676,15.7314,90.0000,0.0019
0.3000,E_ppo_seed123,V3.3 PPO (Seed 123),0.7350,0.7333,0.9268,1.0713,0.3310,0.0328,0.1457,0.0757,5.0000,5.0000,5.0000,63.5671,2.9676,15.7314,90.0000,0.0019
0.3000,E_ppo_seed456,V3.3 PPO (Seed 456),0.7206,0.7200,0.9260,1.0601,0.3274,0.0328,0.1456,0.0742,10.0000,10.0000,10.0000,39.8624,4.7323,25.0863,80.0000,0.0116
0.3000,F_oracle,Oracle Adaptive,0.7578,0.7600,0.9306,1.0702,0.3307,0.0328,0.1457,0.0756,5.4667,5.0000,10.0000,61.3546,3.0746,16.2987,89.0667,0.0000
0.4000,A_fixed_50,Fixed 50-Step V2,0.6013,0.5867,0.9273,1.1020,0.4654,0.0329,0.1483,0.0741,50.0000,50.0000,50.0000,188.6429,1.0000,5.3010,0.0000,0.0933
0.4000,B_fixed_10,Fixed 10-Step V2,0.5979,0.5867,0.9275,1.0999,0.4646,0.0329,0.1483,0.0741,10.0000,10.0000,10.0000,39.8624,4.7323,25.0863,80.0000,0.0135
0.4000,C_rule_based,V3.1 Rule Scheduler,0.5979,0.5867,0.9275,1.0999,0.4646,0.0329,0.1483,0.0741,10.0000,10.0000,10.0000,39.8624,4.7323,25.0863,80.0000,0.0135
0.4000,D_supervised,V3.2 Supervised Scheduler,0.5618,0.5600,0.9277,1.1119,0.4697,0.0329,0.1487,0.0761,5.0000,5.0000,5.0000,63.5671,2.9676,15.7314,90.0000,0.0055
0.4000,E_ppo_seed42,V3.3 PPO (Seed 42),0.5618,0.5600,0.9277,1.1119,0.4697,0.0329,0.1487,0.0761,5.0000,5.0000,5.0000,63.5671,2.9676,15.7314,90.0000,0.0055
0.4000,E_ppo_seed123,V3.3 PPO (Seed 123),0.5618,0.5600,0.9277,1.1119,0.4697,0.0329,0.1487,0.0761,5.0000,5.0000,5.0000,63.5671,2.9676,15.7314,90.0000,0.0055
0.4000,E_ppo_seed456,V3.3 PPO (Seed 456),0.5979,0.5867,0.9275,1.0999,0.4646,0.0329,0.1483,0.0741,10.0000,10.0000,10.0000,39.8624,4.7323,25.0863,80.0000,0.0135
0.4000,F_oracle,Oracle Adaptive,0.6471,0.6533,0.9432,1.1101,0.4690,0.0329,0.1486,0.0758,5.7333,5.0000,10.0000,60.0904,3.1393,16.6416,88.5333,0.0000
0.5000,A_fixed_50,Fixed 50-Step V2,0.5202,0.5067,0.8701,1.1103,0.5846,0.0328,0.1474,0.0758,50.0000,50.0000,50.0000,188.6429,1.0000,5.3010,0.0000,0.0949
0.5000,B_fixed_10,Fixed 10-Step V2,0.5202,0.5067,0.8684,1.1083,0.5835,0.0328,0.1474,0.0757,10.0000,10.0000,10.0000,39.8624,4.7323,25.0863,80.0000,0.0152
0.5000,C_rule_based,V3.1 Rule Scheduler,0.5202,0.5067,0.8684,1.1083,0.5835,0.0328,0.1474,0.0757,10.0000,10.0000,10.0000,39.8624,4.7323,25.0863,80.0000,0.0152
0.5000,D_supervised,V3.2 Supervised Scheduler,0.5479,0.5467,0.8695,1.1211,0.5902,0.0328,0.1477,0.0777,5.0000,5.0000,5.0000,63.5671,2.9676,15.7314,90.0000,0.0047
0.5000,E_ppo_seed42,V3.3 PPO (Seed 42),0.5479,0.5467,0.8695,1.1211,0.5902,0.0328,0.1477,0.0777,5.0000,5.0000,5.0000,63.5671,2.9676,15.7314,90.0000,0.0047
0.5000,E_ppo_seed123,V3.3 PPO (Seed 123),0.5479,0.5467,0.8695,1.1211,0.5902,0.0328,0.1477,0.0777,5.0000,5.0000,5.0000,63.5671,2.9676,15.7314,90.0000,0.0047
0.5000,E_ppo_seed456,V3.3 PPO (Seed 456),0.5202,0.5067,0.8684,1.1083,0.5835,0.0328,0.1474,0.0757,10.0000,10.0000,10.0000,39.8624,4.7323,25.0863,80.0000,0.0152
0.5000,F_oracle,Oracle Adaptive,0.5850,0.6000,0.9133,1.1191,0.5891,0.0328,0.1477,0.0774,5.9333,5.0000,10.0000,59.1422,3.1896,16.9084,88.1333,0.0000
