sequence_id,clean_mpjpe,corrupted_mpjpe,degradation_ratio
49,231.78,417.89,1.80
5,206.15,401.27,1.95
45,133.05,327.10,2.46
63,113.43,285.72,2.52
50,67.23,194.43,2.89
76,93.91,273.48,2.91
4,68.32,206.46,3.02
92,82.92,252.34,3.04
40,79.56,251.47,3.16
69,76.24,241.41,3.17
59,71.38,236.20,3.31
61,144.05,493.11,3.42
11,71.27,245.75,3.45
33,79.62,275.67,3.46
30,61.80,214.36,3.47
17,49.39,174.43,3.53
34,90.08,318.47,3.54
83,145.21,523.25,3.60
97,86.62,317.23,3.66
87,80.65,315.49,3.91
15,82.76,324.73,3.92
39,44.74,176.30,3.94
20,87.94,347.29,3.95
51,52.56,209.67,3.99
14,74.14,296.43,4.00
68,76.71,307.39,4.01
23,56.49,227.62,4.03
32,121.52,496.53,4.09
10,50.82,208.18,4.10
73,74.58,312.98,4.20
21,55.72,233.96,4.20
95,37.87,159.22,4.20
88,36.85,156.21,4.24
80,55.32,236.23,4.27
53,104.99,450.12,4.29
77,103.49,448.49,4.33
41,50.91,221.07,4.34
65,38.13,168.14,4.41
6,43.36,192.00,4.43
72,57.41,255.81,4.46
8,46.96,210.31,4.48
91,39.19,180.93,4.62
29,55.77,257.88,4.62
44,61.25,290.73,4.75
70,35.89,172.46,4.81
13,64.46,311.19,4.83
60,49.29,238.23,4.83
24,66.62,322.65,4.84
43,72.29,356.49,4.93
46,72.92,361.91,4.96
84,50.80,253.85,5.00
2,32.20,161.57,5.02
1,63.33,323.16,5.10
26,70.98,366.27,5.16
99,50.25,260.82,5.19
31,62.51,324.94,5.20
47,64.27,335.03,5.21
74,53.78,282.64,5.26
28,68.41,361.15,5.28
54,51.88,274.08,5.28
71,67.66,360.83,5.33
62,53.41,286.71,5.37
75,47.30,256.73,5.43
67,67.08,366.13,5.46
9,36.62,205.95,5.62
18,58.70,333.91,5.69
42,40.23,233.54,5.81
90,48.23,285.04,5.91
57,52.04,310.00,5.96
48,70.50,426.16,6.04
85,56.43,362.15,6.42
98,53.66,362.64,6.76
93,62.55,426.43,6.82
7,36.11,250.29,6.93
96,52.90,367.76,6.95
78,58.66,411.81,7.02
94,53.96,379.26,7.03
3,37.48,264.40,7.06
19,46.13,325.77,7.06
81,60.17,427.78,7.11
56,41.04,294.83,7.18
89,39.99,289.96,7.25
16,33.98,247.85,7.29
38,48.28,352.34,7.30
79,44.66,332.15,7.44
25,41.16,306.47,7.45
35,46.33,354.00,7.64
37,39.80,304.78,7.66
82,36.49,282.05,7.73
58,44.61,353.59,7.93
86,42.59,350.31,8.22
27,31.15,260.77,8.37
52,42.77,363.72,8.50
12,38.77,344.24,8.88
36,38.49,350.00,9.09
0,36.36,349.98,9.62
55,28.63,277.17,9.68
66,35.74,350.06,9.79
22,33.54,361.89,10.79
64,33.11,361.21,10.91
