corruption_type,parameter_value,sequence_length,missing_frame_count,missing_frame_ratio,number_of_gaps,mean_gap_length,max_gap_length,percentage_gaps_ge_3
bernoulli_dropout,0.1000,16,2,0.1250,2,1.0000,1,0.0000
bernoulli_dropout,0.2000,16,4,0.2500,4,1.0000,1,0.0000
bernoulli_dropout,0.3000,16,5,0.3125,5,1.0000,1,0.0000
bernoulli_dropout,0.4000,16,8,0.5000,3,2.6667,6,33.3333
bernoulli_dropout,0.5000,16,8,0.5000,5,1.6000,3,20.0000
contiguous_gap,1.0000,16,1,0.0625,1,1.0000,1,0.0000
contiguous_gap,2.0000,16,2,0.1250,1,2.0000,2,0.0000
contiguous_gap,4.0000,16,4,0.2500,1,4.0000,4,100.0000
contiguous_gap,8.0000,16,8,0.5000,1,8.0000,8,100.0000
