window_T,seed,gap_length,model_name,diffusion_steps,parameters,missing_mse,missing_mae,missing_rmse,full_mse,temporal_error,boundary_temporal_error,latency_ms
8,42,1,B0_Persistence,0,0,0.062647,0.054496,0.250294,0.007831,0.015570,0.054496,0.010000
8,42,1,B1_Framewise,0,33344,0.126847,0.146320,0.356156,0.015856,0.041806,0.146320,0.100000
8,42,1,B2_Mamba,0,76800,0.099536,0.153535,0.315493,0.012442,0.043867,0.153535,0.450000
8,42,1,B3_Mamba_Diffusion_5,5,226880,0.127093,0.163033,0.356501,0.015887,0.046581,0.163033,0.945177
8,42,1,B3_Mamba_Diffusion_10,10,226880,0.122993,0.160144,0.350704,0.015374,0.045755,0.160144,1.028133
8,42,1,B3_Mamba_Diffusion_20,20,226880,0.124047,0.160069,0.352203,0.015506,0.045734,0.160069,1.965656
8,42,2,B0_Persistence,0,0,0.065493,0.059207,0.255916,0.016373,0.025084,0.059207,0.010000
8,42,2,B1_Framewise,0,33344,0.129482,0.148235,0.359836,0.032370,0.050521,0.148235,0.100000
8,42,2,B2_Mamba,0,76800,0.103856,0.151497,0.322267,0.025964,0.053679,0.151497,0.450000
8,42,2,B3_Mamba_Diffusion_5,5,226880,0.126656,0.163690,0.355888,0.031664,0.056036,0.163690,1.055569
8,42,2,B3_Mamba_Diffusion_10,10,226880,0.127235,0.162243,0.356701,0.031809,0.055071,0.162243,1.067621
8,42,2,B3_Mamba_Diffusion_20,20,226880,0.125608,0.161520,0.354412,0.031402,0.055211,0.161520,2.100856
8,42,4,B0_Persistence,0,0,0.067857,0.066252,0.260493,0.033928,0.043510,0.067035,0.010000
8,42,4,B1_Framewise,0,33344,0.130503,0.148868,0.361253,0.065252,0.067071,0.149501,0.100000
8,42,4,B2_Mamba,0,76800,0.109404,0.146964,0.330763,0.054702,0.071704,0.149905,0.450000
8,42,4,B3_Mamba_Diffusion_5,5,226880,0.129768,0.164763,0.360233,0.064884,0.075453,0.165655,0.791433
8,42,4,B3_Mamba_Diffusion_10,10,226880,0.129628,0.163799,0.360039,0.064814,0.074284,0.164400,1.126292
8,42,4,B3_Mamba_Diffusion_20,20,226880,0.130135,0.163562,0.360742,0.065067,0.073726,0.165050,1.907897
8,123,1,B0_Persistence,0,0,0.062647,0.054496,0.250294,0.007831,0.015570,0.054496,0.010000
8,123,1,B1_Framewise,0,33344,0.125088,0.147403,0.353678,0.015636,0.042115,0.147403,0.100000
8,123,1,B2_Mamba,0,76800,0.098297,0.160429,0.313524,0.012287,0.045837,0.160429,0.450000
8,123,1,B3_Mamba_Diffusion_5,5,226880,0.127814,0.154375,0.357510,0.015977,0.044107,0.154375,0.680462
8,123,1,B3_Mamba_Diffusion_10,10,226880,0.132370,0.157049,0.363827,0.016546,0.044871,0.157049,1.178233
8,123,1,B3_Mamba_Diffusion_20,20,226880,0.134643,0.157644,0.366937,0.016830,0.045041,0.157644,2.476864
8,123,2,B0_Persistence,0,0,0.065493,0.059207,0.255916,0.016373,0.025084,0.059207,0.010000
8,123,2,B1_Framewise,0,33344,0.127726,0.149298,0.357388,0.031931,0.050825,0.149298,0.100000
8,123,2,B2_Mamba,0,76800,0.103009,0.156474,0.320951,0.025752,0.057367,0.156474,0.450000
8,123,2,B3_Mamba_Diffusion_5,5,226880,0.133737,0.157776,0.365701,0.033434,0.054049,0.157776,0.956192
8,123,2,B3_Mamba_Diffusion_10,10,226880,0.134766,0.158675,0.367105,0.033692,0.054212,0.158675,1.674462
8,123,2,B3_Mamba_Diffusion_20,20,226880,0.135654,0.158543,0.368312,0.033914,0.054271,0.158543,2.519472
8,123,4,B0_Persistence,0,0,0.067857,0.066252,0.260493,0.033928,0.043510,0.067035,0.010000
8,123,4,B1_Framewise,0,33344,0.128748,0.149925,0.358815,0.064374,0.067372,0.150552,0.100000
8,123,4,B2_Mamba,0,76800,0.110493,0.156848,0.332405,0.055246,0.081396,0.164173,0.450000
8,123,4,B3_Mamba_Diffusion_5,5,226880,0.133514,0.158277,0.365396,0.066757,0.072003,0.159006,0.763223
8,123,4,B3_Mamba_Diffusion_10,10,226880,0.137399,0.160009,0.370674,0.068700,0.072717,0.160650,1.446282
8,123,4,B3_Mamba_Diffusion_20,20,226880,0.137246,0.159562,0.370467,0.068623,0.072281,0.160423,2.828323
8,456,1,B0_Persistence,0,0,0.062647,0.054496,0.250294,0.007831,0.015570,0.054496,0.010000
8,456,1,B1_Framewise,0,33344,0.126689,0.146691,0.355934,0.015836,0.041912,0.146691,0.100000
8,456,1,B2_Mamba,0,76800,0.098512,0.153688,0.313866,0.012314,0.043911,0.153688,0.450000
8,456,1,B3_Mamba_Diffusion_5,5,226880,0.129206,0.149049,0.359452,0.016151,0.042585,0.149049,0.584315
8,456,1,B3_Mamba_Diffusion_10,10,226880,0.128273,0.149254,0.358152,0.016034,0.042644,0.149254,0.842472
8,456,1,B3_Mamba_Diffusion_20,20,226880,0.127295,0.147835,0.356784,0.015912,0.042239,0.147835,1.625641
8,456,2,B0_Persistence,0,0,0.065493,0.059207,0.255916,0.016373,0.025084,0.059207,0.010000
8,456,2,B1_Framewise,0,33344,0.129338,0.148595,0.359636,0.032334,0.050624,0.148595,0.100000
8,456,2,B2_Mamba,0,76800,0.102252,0.151856,0.319769,0.025563,0.055336,0.151856,0.450000
8,456,2,B3_Mamba_Diffusion_5,5,226880,0.132225,0.152177,0.363627,0.033056,0.052525,0.152177,0.575941
8,456,2,B3_Mamba_Diffusion_10,10,226880,0.128987,0.150345,0.359147,0.032247,0.052044,0.150345,0.933285
8,456,2,B3_Mamba_Diffusion_20,20,226880,0.128267,0.148393,0.358144,0.032067,0.051307,0.148393,1.700338
8,456,4,B0_Persistence,0,0,0.067857,0.066252,0.260493,0.033928,0.043510,0.067035,0.010000
8,456,4,B1_Framewise,0,33344,0.130336,0.149229,0.361021,0.065168,0.067175,0.149863,0.100000
8,456,4,B2_Mamba,0,76800,0.109176,0.145959,0.330418,0.054588,0.071588,0.146189,0.450000
8,456,4,B3_Mamba_Diffusion_5,5,226880,0.132118,0.151913,0.363481,0.066059,0.070444,0.152250,0.624526
8,456,4,B3_Mamba_Diffusion_10,10,226880,0.130536,0.151362,0.361297,0.065268,0.069639,0.151683,0.986072
8,456,4,B3_Mamba_Diffusion_20,20,226880,0.130940,0.150456,0.361856,0.065470,0.069856,0.150062,2.128297
16,42,1,B0_Persistence,0,0,0.032391,0.039284,0.179976,0.002024,0.005238,0.039284,0.010000
16,42,1,B1_Framewise,0,33344,0.124669,0.143067,0.353086,0.007792,0.019076,0.143067,0.100000
16,42,1,B2_Mamba,0,76800,0.102421,0.139284,0.320033,0.006401,0.018571,0.139284,0.450000
16,42,1,B3_Mamba_Diffusion_5,5,226880,0.133307,0.159066,0.365112,0.008332,0.021209,0.159066,1.173358
16,42,1,B3_Mamba_Diffusion_10,10,226880,0.133490,0.158829,0.365363,0.008343,0.021177,0.158829,1.742419
16,42,1,B3_Mamba_Diffusion_20,20,226880,0.132130,0.155940,0.363498,0.008258,0.020792,0.155940,2.701823
16,42,2,B0_Persistence,0,0,0.036416,0.044872,0.190831,0.004552,0.008920,0.044872,0.010000
16,42,2,B1_Framewise,0,33344,0.125725,0.143775,0.354577,0.015716,0.022107,0.143775,0.100000
16,42,2,B2_Mamba,0,76800,0.105163,0.139765,0.324288,0.013145,0.022157,0.139765,0.450000
16,42,2,B3_Mamba_Diffusion_5,5,226880,0.132476,0.159486,0.363972,0.016559,0.024563,0.159486,1.532003
16,42,2,B3_Mamba_Diffusion_10,10,226880,0.134014,0.159575,0.366079,0.016752,0.024613,0.159575,1.358832
16,42,2,B3_Mamba_Diffusion_20,20,226880,0.134934,0.157609,0.367333,0.016867,0.024305,0.157609,4.790019
16,42,4,B0_Persistence,0,0,0.044229,0.053453,0.210307,0.011057,0.016284,0.055411,0.010000
16,42,4,B1_Framewise,0,33344,0.125526,0.144014,0.354296,0.031381,0.028130,0.144253,0.100000
16,42,4,B2_Mamba,0,76800,0.108119,0.139070,0.328814,0.027030,0.028756,0.139732,0.450000
16,42,4,B3_Mamba_Diffusion_5,5,226880,0.133200,0.160602,0.364966,0.033300,0.031620,0.160871,1.091687
16,42,4,B3_Mamba_Diffusion_10,10,226880,0.133386,0.159883,0.365220,0.033346,0.031397,0.159540,1.664852
16,42,4,B3_Mamba_Diffusion_20,20,226880,0.135016,0.158157,0.367446,0.033754,0.031263,0.158597,2.909745
16,42,8,B0_Persistence,0,0,0.050857,0.061611,0.225515,0.025428,0.029669,0.057823,0.010000
16,42,8,B1_Framewise,0,33344,0.125146,0.144438,0.353760,0.062573,0.041265,0.144793,0.100000
16,42,8,B2_Mamba,0,76800,0.111791,0.138719,0.334351,0.055895,0.042315,0.140211,0.450000
16,42,8,B3_Mamba_Diffusion_5,5,226880,0.131674,0.159660,0.362869,0.065837,0.045859,0.160506,1.338548
16,42,8,B3_Mamba_Diffusion_10,10,226880,0.134074,0.160795,0.366161,0.067037,0.045774,0.160086,1.661335
16,42,8,B3_Mamba_Diffusion_20,20,226880,0.135425,0.159002,0.368001,0.067712,0.045738,0.158964,2.030423
16,123,1,B0_Persistence,0,0,0.032391,0.039284,0.179976,0.002024,0.005238,0.039284,0.010000
16,123,1,B1_Framewise,0,33344,0.128592,0.146618,0.358598,0.008037,0.019549,0.146618,0.100000
16,123,1,B2_Mamba,0,76800,0.105954,0.150558,0.325506,0.006622,0.020074,0.150558,0.450000
16,123,1,B3_Mamba_Diffusion_5,5,226880,0.128187,0.151527,0.358032,0.008012,0.020204,0.151527,1.417639
16,123,1,B3_Mamba_Diffusion_10,10,226880,0.128957,0.153236,0.359106,0.008060,0.020432,0.153236,2.018639
16,123,1,B3_Mamba_Diffusion_20,20,226880,0.127414,0.153997,0.356951,0.007963,0.020533,0.153997,2.513935
16,123,2,B0_Persistence,0,0,0.036416,0.044872,0.190831,0.004552,0.008920,0.044872,0.010000
16,123,2,B1_Framewise,0,33344,0.129623,0.147267,0.360033,0.016203,0.022573,0.147267,0.100000
16,123,2,B2_Mamba,0,76800,0.108803,0.151527,0.329854,0.013600,0.023856,0.151527,0.450000
16,123,2,B3_Mamba_Diffusion_5,5,226880,0.127658,0.151446,0.357293,0.015957,0.023619,0.151446,1.125219
16,123,2,B3_Mamba_Diffusion_10,10,226880,0.129954,0.153690,0.360491,0.016244,0.023762,0.153690,1.948010
16,123,2,B3_Mamba_Diffusion_20,20,226880,0.131804,0.156235,0.363048,0.016475,0.024288,0.156235,2.309113
16,123,4,B0_Persistence,0,0,0.044229,0.053453,0.210307,0.011057,0.016284,0.055411,0.010000
16,123,4,B1_Framewise,0,33344,0.129345,0.147464,0.359646,0.032336,0.028584,0.147661,0.100000
16,123,4,B2_Mamba,0,76800,0.111187,0.149591,0.333447,0.027797,0.030614,0.149903,0.450000
16,123,4,B3_Mamba_Diffusion_5,5,226880,0.130595,0.152595,0.361379,0.032649,0.030472,0.152337,1.069616
16,123,4,B3_Mamba_Diffusion_10,10,226880,0.132199,0.155515,0.363591,0.033050,0.031011,0.156329,1.423213
16,123,4,B3_Mamba_Diffusion_20,20,226880,0.132244,0.156000,0.363654,0.033061,0.030838,0.156025,2.250871
16,123,8,B0_Persistence,0,0,0.050857,0.061611,0.225515,0.025428,0.029669,0.057823,0.010000
16,123,8,B1_Framewise,0,33344,0.128906,0.147848,0.359034,0.064453,0.041711,0.148139,0.100000
16,123,8,B2_Mamba,0,76800,0.114396,0.146634,0.338224,0.057198,0.043928,0.148448,0.450000
16,123,8,B3_Mamba_Diffusion_5,5,226880,0.128795,0.152310,0.358880,0.064398,0.044981,0.151845,0.880810
16,123,8,B3_Mamba_Diffusion_10,10,226880,0.130262,0.154876,0.360918,0.065131,0.045469,0.154703,1.614790
16,123,8,B3_Mamba_Diffusion_20,20,226880,0.130209,0.155761,0.360845,0.065104,0.045732,0.156584,2.575335
16,456,1,B0_Persistence,0,0,0.032391,0.039284,0.179976,0.002024,0.005238,0.039284,0.010000
16,456,1,B1_Framewise,0,33344,0.126258,0.144887,0.355327,0.007891,0.019318,0.144887,0.100000
16,456,1,B2_Mamba,0,76800,0.105135,0.146225,0.324245,0.006571,0.019497,0.146225,0.450000
16,456,1,B3_Mamba_Diffusion_5,5,226880,0.139118,0.159620,0.372985,0.008695,0.021283,0.159620,1.007090
16,456,1,B3_Mamba_Diffusion_10,10,226880,0.136915,0.158858,0.370021,0.008557,0.021181,0.158858,1.597542
16,456,1,B3_Mamba_Diffusion_20,20,226880,0.133079,0.156167,0.364800,0.008317,0.020822,0.156167,2.419977
16,456,2,B0_Persistence,0,0,0.036416,0.044872,0.190831,0.004552,0.008920,0.044872,0.010000
16,456,2,B1_Framewise,0,33344,0.127259,0.145584,0.356733,0.015907,0.022348,0.145584,0.100000
16,456,2,B2_Mamba,0,76800,0.111341,0.145936,0.333679,0.013918,0.023752,0.145936,0.450000
16,456,2,B3_Mamba_Diffusion_5,5,226880,0.139802,0.160801,0.373900,0.017475,0.024783,0.160801,1.226145
16,456,2,B3_Mamba_Diffusion_10,10,226880,0.139556,0.160935,0.373571,0.017444,0.024760,0.160935,1.783194
16,456,2,B3_Mamba_Diffusion_20,20,226880,0.137303,0.159015,0.370544,0.017163,0.024485,0.159015,3.124894
16,456,4,B0_Persistence,0,0,0.044229,0.053453,0.210307,0.011057,0.016284,0.055411,0.010000
16,456,4,B1_Framewise,0,33344,0.127051,0.145800,0.356442,0.031763,0.028365,0.146017,0.100000
16,456,4,B2_Mamba,0,76800,0.116283,0.143918,0.341003,0.029071,0.030244,0.144493,0.450000
16,456,4,B3_Mamba_Diffusion_5,5,226880,0.139582,0.160768,0.373607,0.034896,0.031570,0.160432,1.120619
16,456,4,B3_Mamba_Diffusion_10,10,226880,0.137931,0.160390,0.371390,0.034483,0.031383,0.159961,1.622094
16,456,4,B3_Mamba_Diffusion_20,20,226880,0.137078,0.158633,0.370241,0.034270,0.031363,0.159413,2.730077
16,456,8,B0_Persistence,0,0,0.050857,0.061611,0.225515,0.025428,0.029669,0.057823,0.010000
16,456,8,B1_Framewise,0,33344,0.126741,0.146225,0.356007,0.063371,0.041501,0.146566,0.100000
16,456,8,B2_Mamba,0,76800,0.119756,0.142769,0.346058,0.059878,0.043260,0.144234,0.450000
16,456,8,B3_Mamba_Diffusion_5,5,226880,0.139564,0.161292,0.373583,0.069782,0.046311,0.162049,1.097626
16,456,8,B3_Mamba_Diffusion_10,10,226880,0.136461,0.160108,0.369406,0.068230,0.045594,0.160226,1.666342
16,456,8,B3_Mamba_Diffusion_20,20,226880,0.139380,0.160161,0.373336,0.069690,0.045570,0.160316,2.657671
